Name,Sequence
>2DL1>001,CGCAAGACCTGGCAGGGACCTACAGATGCTAC
>2DL1>002,ACGCAAGACCTGGCAGGGACCTACAGATGCTA
>2DL1>003,GACGCAAGACCTGGCAGGGACCTACAGATGCT
>2DL1>004,TGACGCAAGACCTGGCAGGGACCTACAGATGC
>2DL1>005,ATGACGCAAGACCTGGCAGGGACCTACAGATG
>2DL1>006,CATGACGCAAGACCTGGCAGGGACCTACAGAT
>2DL1>007,GCATGACGCAAGACCTGGCAGGGACCTACAGA
>2DL1>008,CGCATGACGCAAGACCTGGCAGGGACCTACAG
>2DL1>009,TCGCATGACGCAAGACCTGGCAGGGACCTACA
>2DL1>010,GTCGCATGACGCAAGACCTGGCAGGGACCTAC
>2DL23>002,CATACGAGTGGTCAAACTCGAGTGACCCACTG
>2DL23>004,TCCATACGAGTGGTCAAACTCGAGTGACCCAC
>2DL23>006,TCTCCATACGAGTGGTCAAACTCGAGTGACCC
>2DL23>009,GACTCTCCATACGAGTGGTCAAACTCGAGTGA
>2DL23>011,GTGACTCTCCATACGAGTGGTCAAACTCGAGT
>2DL23>012,CGTGACTCTCCATACGAGTGGTCAAACTCGAG
>2DL23>013,CCGTGACTCTCCATACGAGTGGTCAAACTCGA
>2DL23>014,TCCGTGACTCTCCATACGAGTGGTCAAACTCG
>2DL23>016,TTTCCGTGACTCTCCATACGAGTGGTCAAACT
>2DL23>017,CTTTCCGTGACTCTCCATACGAGTGGTCAAAC
>2DL4>125,CTGCATTTTCACACAGAGAAAAATCACTGGCC
>2DL4>129,ATCACTGCATTTTCACACAGAGAAAAATCACT
>2DL4>133,TTGGATCACTGCATTTTCACACAGAGAAAAAT
>2DL4>146,GACATACGCACAGTTGGATCACTGCATTTTCA
>2DL4>150,AGGTGACATACGCACAGTTGGATCACTGCATT
>2DL5>219,AACTCTTCAAGTAGTTCATCTTCACCCACTGA
>2DL5>221,GAAACTCTTCAAGTAGTTCATCTTCACCCACT
>2DL5>232,ACTCACCCTATGAGTGGTCAGACCCGAGTGAC
>2DL5>255,GAGGGCCCATGAACCTAGGCTCCCTGCAGTGC
>2DL5>257,GGGAGGGCCCATGAACCTAGGCTCCCTGCAGT
>2DL5>293,AGGAGCTCATTTGACATGTACCATCTATCCAG
>2DL5>312,GACCTTGTCCTGCAGCTCCAGGAGCTCATTTG
>2DL5>319,AGAACGTGACCTTGTCCTGCAGCTCCAGGAGC
>2DL5>326,CCTTCACTCTCAGCCCAGCCGGGCCCCACGGT
>2DL5>327,ACCTTCACTCTCAGCCCAGCCGGGCCCCACGG
>2DP1>034,CATACGTACAGTTGGATCACTGCGTTTTCACA
>2DP1>039,GGTGACATACGTACAGTTGGATCACTGCGTTT
>2DP1>051,AGACCCTCAGGAGGTGACATACGTACAGTTGG
>2DP1>066,CCCCATCAGTTGTCAGCTCCCAGTGACCCTCT
>2DP1>074,ACTCACTCCCCCATCAGTTGTCAGCTCCCAGT
>2DP1>082,GGAAGACCTGGCAGGGACCTACAGATGCTACG
>2DP1>086,TGATGGAAGACCTGGCAGGGACCTACAGATGC
>2DP1>087,ATGATGGAAGACCTGGCAGGGACCTACAGATG
>2DS1>001,TGAAGCAAGACCTGGCAGGGACCTACAGATGCTACGGTTCTGTTACTCACTCCCCCTATCAGTTGTC
>2DS1>002,ACAGGGGCCATACCGGGAGTTTGAAAAGACAGAAAGAGTTAAAGGAAACACACAGACAGACATGTCC
>2DS2>001,ATAAGGACACTTTGCACCTCATTGGAGAGCAC
>2DS2>002,TATAAGGACACTTTGCACCTCATTGGAGAGCA
>2DS2>004,AGTATAAGGACACTTTGCACCTCATTGGAGAG
>2DS2>008,GGGAAGTATAAGGACACTTTGCACCTCATTGG
>2DS2>014,AGAGAGGGGAAGTATAAGGACACTTTGCACCT
>2DS2>019,TGCACAGAGAGGGGAAGTATAAGGACACTTTG
>2DS2>022,TTCTGCACAGAGAGGGGAAGTATAAGGACACT
>2DS2>023,CTTCTGCACAGAGAGGGGAAGTATAAGGACAC
>2DS2>027,CTTCCTTCTGCACAGAGAGGGGAAGTATAAGG
>2DS2>028,ACTTCCTTCTGCACAGAGAGGGGAAGTATAAG
>2DS3>027,TTCAGCTCCCAGTGACCCTCTGGACATCGTGA
>2DS3>028,TTTCAGCTCCCAGTGACCCTCTGGACATCGTG
>2DS3>032,CAGTTTTCAGCTCCCAGTGACCCTCTGGACAT
>2DS3>035,TATCAGTTTTCAGCTCCCAGTGACCCTCTGGA
>2DS3>047,CCTCACTCCCCCTATCAGTTTTCAGCTCCCAG
>2DS3>060,CGGTCGCATGAGGCAAGACCTGGCAGGGACCT
>2DS3>061,TCGGTCGCATGAGGCAAGACCTGGCAGGGACC
>2DS3>092,TGGAGAGCACATTGATGGGGTCTCCAAGGCCA
>2DS3>093,TTGGAGAGCACATTGATGGGGTCTCCAAGGCC
>2DS3>094,ATTGGAGAGCACATTGATGGGGTCTCCAAGGC
>2DS4>021,GGGAGGCCCATGAACGTAGGCTCCCTGCAGTG
>2DS4>036,CAACTTCTCCATTGGTCCCATGATGCCTGTCC
>2DS4>039,GGCCAACTTCTCCATTGGTCCCATGATGCCTG
>2DS4>040,AGGCCAACTTCTCCATTGGTCCCATGATGCCT
>2DS4>045,GGTTTCCAAGGCCAACTTCTCCATTGGTCCCA
>2DS4>072,TCACCTGGTGAAATCAGAAGAGACAGTCATCC
>2DS4>073,GTCACCTGGTGAAATCAGAAGAGACAGTCATC
>2DS4>078,CCCAGGTCACCTGGTGAAATCAGAAGAGACAG
>2DS4>105,CCACAGAAAACCTTCCTTCCTGGCCCTCCCAG
>2DS5>017,ACACAAGACCTGGCAGGGACCTACAGATGCTA
>2DS5>021,CATGACACAAGACCTGGCAGGGACCTACAGAT
>2DS5>022,GCATGACACAAGACCTGGCAGGGACCTACAGA
>2DS5>023,CGCATGACACAAGACCTGGCAGGGACCTACAG
>2DS5>033,CTCCATCGGTCGCATGACACAAGACCTGGCAG
>2DS5>044,AAGGGCAACTTCTCCATCGGTCGCATGACACA
>2DS5>051,GGTCTCCAAGGGCAACTTCTCCATCGGTCGCA
>2DS5>063,GCACATTGATGGGGTCTCCAAGGGCAACTTCT
>2DS5>065,GAGCACATTGATGGGGTCTCCAAGGGCAACTT
>2DS5>071,ATTGGAGAGCACATTGATGGGGTCTCCAAGGG
>3DL1>001,ATACCATCTTGTACACGGAACTTCCAAATGCT
>3DL1>011,CCCCCTACAGATACCATCTTGTACACGGAACT
>3DL1>012,ACCCCCTACAGATACCATCTTGTACACGGAAC
>3DL1>016,AGACACCCCCTACAGATACCATCTTGTACACG
>3DL1>020,CCCAAGACACCCCCTACAGATACCATCTTGTA
>3DL1>023,AGGCCCAAGACACCCCCTACAGATACCATCTT
>3DL1>029,TCTCAGAGGCCCAAGACACCCCCTACAGATAC
>3DL1>031,CTTCTCAGAGGCCCAAGACACCCCCTACAGAT
>3DL1>036,TCGCCCTTCTCAGAGGCCCAAGACACCCCCTA
>3DL1>038,AGCCTGCAGGGAACAGAACAGCCAACAGCGAG
>3DL2>042,TGGTCAAACTCAAGTGACCCACTGCTTGTTTC
>3DL2>054,CTGCCCTGCGTGTGGTCAAACTCAAGTGACCC
>3DL2>057,GCAGACTTTCCTCTGGGCCCTGCCACCCACGG
>3DL2>058,GGCAGACTTTCCTCTGGGCCCTGCCACCCACG
>3DL2>063,TTCCAGGCAGACTTTCCTCTGGGCCCTGCCAC
>3DL2>066,ACATTCCAGGCAGACTTTCCTCTGGGCCCTGC
>3DL2>071,ACAGAACATTCCAGGCAGACTTTCCTCTGGGC
>3DL2>079,CAAGGTCAACAGAACATTCCAGGCAGACTTTC
>3DL2>081,CCCAAGGTCAACAGAACATTCCAGGCAGACTT
>3DL2>099,TTAACAATTTCATGCTGTACAAAGAAGACAGA
>3DL3>006,TCCAGGCCAACTTCCCTCTGGGCCCTGTGACC
>3DL3>036,GGTTCTGTCACTCACTTACCCTATGAGTTGTC
>3DL3>080,TTCTGCACAGAGAGGGGATCACTGAGGACCCC
>3DL3>082,CCTTCTGCACAGAGAGGGGATCACTGAGGACC
>3DL3>084,TTCCTTCTGCACAGAGAGGGGATCACTGAGGA
>3DL3>087,GGCACCCAGCAACCCTGTGGTGATCATGGTCA
>3DL3>089,ATGCAGGGACCTACAGATGTTGCAGTTCACAC
>3DL3>096,CCAGCACATGCAGGGACCTACAGATGTTGCAG
>3DL3>099,ACCCCAGCACATGCAGGGACCTACAGATGTTG
>3DL3>105,CTGAAGGACAACATGTGACTCTTCAGTGTCGC
>3DP1>089,AGCTCCCAGTGACCCTCTGGACATCGTGATTA
>3DP1>122,GGACCTACAGATGCTACGGTTCTGTTCCTCAT
>3DP1>161,CACTTCCTCACTGGGTGGTCAGCACCCAGCAA
>3DP1>176,CGGGGTTCACACCCACACTTCCTCACTGGGTG
>3DS1>004,AAGAGCCTGCAGGGAACAGAAGTGAACAGCGA
>3DS1>006,CCAAGAGCCTGCAGGGAACAGAAGTGAACAGC
>3DS1>007,ACCAAGAGCCTGCAGGGAACAGAAGTGAACAG
>3DS1>011,ATGGACCAAGAGCCTGCAGGGAACAGAAGTGA
>3DS1>013,TAATGGACCAAGAGCCTGCAGGGAACAGAAGT
>3DS1>014,GTAATGGACCAAGAGCCTGCAGGGAACAGAAG
>3DS1>016,ACATTCTGATTGGGACCTCAGTGGTCAAAATC
>3DS1>017,CACATTCTGATTGGGACCTCAGTGGTCAAAAT
>3DS1>024,GTAACCTCAGACACCTGCACATTCTGATTGGG
>2DL1>001_rc,GTAGCATCTGTAGGTCCCTGCCAGGTCTTGCG
>2DL1>002_rc,TAGCATCTGTAGGTCCCTGCCAGGTCTTGCGT
>2DL1>003_rc,AGCATCTGTAGGTCCCTGCCAGGTCTTGCGTC
>2DL1>004_rc,GCATCTGTAGGTCCCTGCCAGGTCTTGCGTCA
>2DL1>005_rc,CATCTGTAGGTCCCTGCCAGGTCTTGCGTCAT
>2DL1>006_rc,ATCTGTAGGTCCCTGCCAGGTCTTGCGTCATG
>2DL1>007_rc,TCTGTAGGTCCCTGCCAGGTCTTGCGTCATGC
>2DL1>008_rc,CTGTAGGTCCCTGCCAGGTCTTGCGTCATGCG
>2DL1>009_rc,TGTAGGTCCCTGCCAGGTCTTGCGTCATGCGA
>2DL1>010_rc,GTAGGTCCCTGCCAGGTCTTGCGTCATGCGAC
>2DL23>002_rc,CAGTGGGTCACTCGAGTTTGACCACTCGTATG
>2DL23>004_rc,GTGGGTCACTCGAGTTTGACCACTCGTATGGA
>2DL23>006_rc,GGGTCACTCGAGTTTGACCACTCGTATGGAGA
>2DL23>009_rc,TCACTCGAGTTTGACCACTCGTATGGAGAGTC
>2DL23>011_rc,ACTCGAGTTTGACCACTCGTATGGAGAGTCAC
>2DL23>012_rc,CTCGAGTTTGACCACTCGTATGGAGAGTCACG
>2DL23>013_rc,TCGAGTTTGACCACTCGTATGGAGAGTCACGG
>2DL23>014_rc,CGAGTTTGACCACTCGTATGGAGAGTCACGGA
>2DL23>016_rc,AGTTTGACCACTCGTATGGAGAGTCACGGAAA
>2DL23>017_rc,GTTTGACCACTCGTATGGAGAGTCACGGAAAG
>2DL4>125_rc,GGCCAGTGATTTTTCTCTGTGTGAAAATGCAG
>2DL4>129_rc,AGTGATTTTTCTCTGTGTGAAAATGCAGTGAT
>2DL4>133_rc,ATTTTTCTCTGTGTGAAAATGCAGTGATCCAA
>2DL4>146_rc,TGAAAATGCAGTGATCCAACTGTGCGTATGTC
>2DL4>150_rc,AATGCAGTGATCCAACTGTGCGTATGTCACCT
>2DL5>219_rc,TCAGTGGGTGAAGATGAACTACTTGAAGAGTT
>2DL5>221_rc,AGTGGGTGAAGATGAACTACTTGAAGAGTTTC
>2DL5>232_rc,GTCACTCGGGTCTGACCACTCATAGGGTGAGT
>2DL5>255_rc,GCACTGCAGGGAGCCTAGGTTCATGGGCCCTC
>2DL5>257_rc,ACTGCAGGGAGCCTAGGTTCATGGGCCCTCCC
>2DL5>293_rc,CTGGATAGATGGTACATGTCAAATGAGCTCCT
>2DL5>312_rc,CAAATGAGCTCCTGGAGCTGCAGGACAAGGTC
>2DL5>319_rc,GCTCCTGGAGCTGCAGGACAAGGTCACGTTCT
>2DL5>326_rc,ACCGTGGGGCCCGGCTGGGCTGAGAGTGAAGG
>2DL5>327_rc,CCGTGGGGCCCGGCTGGGCTGAGAGTGAAGGT
>2DP1>034_rc,TGTGAAAACGCAGTGATCCAACTGTACGTATG
>2DP1>039_rc,AAACGCAGTGATCCAACTGTACGTATGTCACC
>2DP1>051_rc,CCAACTGTACGTATGTCACCTCCTGAGGGTCT
>2DP1>066_rc,AGAGGGTCACTGGGAGCTGACAACTGATGGGG
>2DP1>074_rc,ACTGGGAGCTGACAACTGATGGGGGAGTGAGT
>2DP1>082_rc,CGTAGCATCTGTAGGTCCCTGCCAGGTCTTCC
>2DP1>086_rc,GCATCTGTAGGTCCCTGCCAGGTCTTCCATCA
>2DP1>087_rc,CATCTGTAGGTCCCTGCCAGGTCTTCCATCAT
>2DS1>001_rc,GACAACTGATAGGGGGAGTGAGTAACAGAACCGTAGCATCTGTAGGTCCCTGCCAGGTCTTGCTTCA
>2DS1>002_rc,GGACATGTCTGTCTGTGTGTTTCCTTTAACTCTTTCTGTCTTTTCAAACTCCCGGTATGGCCCCTGT
>2DS2>001_rc,GTGCTCTCCAATGAGGTGCAAAGTGTCCTTAT
>2DS2>002_rc,TGCTCTCCAATGAGGTGCAAAGTGTCCTTATA
>2DS2>004_rc,CTCTCCAATGAGGTGCAAAGTGTCCTTATACT
>2DS2>008_rc,CCAATGAGGTGCAAAGTGTCCTTATACTTCCC
>2DS2>014_rc,AGGTGCAAAGTGTCCTTATACTTCCCCTCTCT
>2DS2>019_rc,CAAAGTGTCCTTATACTTCCCCTCTCTGTGCA
>2DS2>022_rc,AGTGTCCTTATACTTCCCCTCTCTGTGCAGAA
>2DS2>023_rc,GTGTCCTTATACTTCCCCTCTCTGTGCAGAAG
>2DS2>027_rc,CCTTATACTTCCCCTCTCTGTGCAGAAGGAAG
>2DS2>028_rc,CTTATACTTCCCCTCTCTGTGCAGAAGGAAGT
>2DS3>027_rc,TCACGATGTCCAGAGGGTCACTGGGAGCTGAA
>2DS3>028_rc,CACGATGTCCAGAGGGTCACTGGGAGCTGAAA
>2DS3>032_rc,ATGTCCAGAGGGTCACTGGGAGCTGAAAACTG
>2DS3>035_rc,TCCAGAGGGTCACTGGGAGCTGAAAACTGATA
>2DS3>047_rc,CTGGGAGCTGAAAACTGATAGGGGGAGTGAGG
>2DS3>060_rc,AGGTCCCTGCCAGGTCTTGCCTCATGCGACCG
>2DS3>061_rc,GGTCCCTGCCAGGTCTTGCCTCATGCGACCGA
>2DS3>092_rc,TGGCCTTGGAGACCCCATCAATGTGCTCTCCA
>2DS3>093_rc,GGCCTTGGAGACCCCATCAATGTGCTCTCCAA
>2DS3>094_rc,GCCTTGGAGACCCCATCAATGTGCTCTCCAAT
>2DS4>021_rc,CACTGCAGGGAGCCTACGTTCATGGGCCTCCC
>2DS4>036_rc,GGACAGGCATCATGGGACCAATGGAGAAGTTG
>2DS4>039_rc,CAGGCATCATGGGACCAATGGAGAAGTTGGCC
>2DS4>040_rc,AGGCATCATGGGACCAATGGAGAAGTTGGCCT
>2DS4>045_rc,TGGGACCAATGGAGAAGTTGGCCTTGGAAACC
>2DS4>072_rc,GGATGACTGTCTCTTCTGATTTCACCAGGTGA
>2DS4>073_rc,GATGACTGTCTCTTCTGATTTCACCAGGTGAC
>2DS4>078_rc,CTGTCTCTTCTGATTTCACCAGGTGACCTGGG
>2DS4>105_rc,CTGGGAGGGCCAGGAAGGAAGGTTTTCTGTGG
>2DS5>017_rc,TAGCATCTGTAGGTCCCTGCCAGGTCTTGTGT
>2DS5>021_rc,ATCTGTAGGTCCCTGCCAGGTCTTGTGTCATG
>2DS5>022_rc,TCTGTAGGTCCCTGCCAGGTCTTGTGTCATGC
>2DS5>023_rc,CTGTAGGTCCCTGCCAGGTCTTGTGTCATGCG
>2DS5>033_rc,CTGCCAGGTCTTGTGTCATGCGACCGATGGAG
>2DS5>044_rc,TGTGTCATGCGACCGATGGAGAAGTTGCCCTT
>2DS5>051_rc,TGCGACCGATGGAGAAGTTGCCCTTGGAGACC
>2DS5>063_rc,AGAAGTTGCCCTTGGAGACCCCATCAATGTGC
>2DS5>065_rc,AAGTTGCCCTTGGAGACCCCATCAATGTGCTC
>2DS5>071_rc,CCCTTGGAGACCCCATCAATGTGCTCTCCAAT
>3DL1>001_rc,AGCATTTGGAAGTTCCGTGTACAAGATGGTAT
>3DL1>011_rc,AGTTCCGTGTACAAGATGGTATCTGTAGGGGG
>3DL1>012_rc,GTTCCGTGTACAAGATGGTATCTGTAGGGGGT
>3DL1>016_rc,CGTGTACAAGATGGTATCTGTAGGGGGTGTCT
>3DL1>020_rc,TACAAGATGGTATCTGTAGGGGGTGTCTTGGG
>3DL1>023_rc,AAGATGGTATCTGTAGGGGGTGTCTTGGGCCT
>3DL1>029_rc,GTATCTGTAGGGGGTGTCTTGGGCCTCTGAGA
>3DL1>031_rc,ATCTGTAGGGGGTGTCTTGGGCCTCTGAGAAG
>3DL1>036_rc,TAGGGGGTGTCTTGGGCCTCTGAGAAGGGCGA
>3DL1>038_rc,CTCGCTGTTGGCTGTTCTGTTCCCTGCAGGCT
>3DL2>042_rc,GAAACAAGCAGTGGGTCACTTGAGTTTGACCA
>3DL2>054_rc,GGGTCACTTGAGTTTGACCACACGCAGGGCAG
>3DL2>057_rc,CCGTGGGTGGCAGGGCCCAGAGGAAAGTCTGC
>3DL2>058_rc,CGTGGGTGGCAGGGCCCAGAGGAAAGTCTGCC
>3DL2>063_rc,GTGGCAGGGCCCAGAGGAAAGTCTGCCTGGAA
>3DL2>066_rc,GCAGGGCCCAGAGGAAAGTCTGCCTGGAATGT
>3DL2>071_rc,GCCCAGAGGAAAGTCTGCCTGGAATGTTCTGT
>3DL2>079_rc,GAAAGTCTGCCTGGAATGTTCTGTTGACCTTG
>3DL2>081_rc,AAGTCTGCCTGGAATGTTCTGTTGACCTTGGG
>3DL2>099_rc,TCTGTCTTCTTTGTACAGCATGAAATTGTTAA
>3DL3>006_rc,GGTCACAGGGCCCAGAGGGAAGTTGGCCTGGA
>3DL3>036_rc,GACAACTCATAGGGTAAGTGAGTGACAGAACC
>3DL3>080_rc,GGGGTCCTCAGTGATCCCCTCTCTGTGCAGAA
>3DL3>082_rc,GGTCCTCAGTGATCCCCTCTCTGTGCAGAAGG
>3DL3>084_rc,TCCTCAGTGATCCCCTCTCTGTGCAGAAGGAA
>3DL3>087_rc,TGACCATGATCACCACAGGGTTGCTGGGTGCC
>3DL3>089_rc,GTGTGAACTGCAACATCTGTAGGTCCCTGCAT
>3DL3>096_rc,CTGCAACATCTGTAGGTCCCTGCATGTGCTGG
>3DL3>099_rc,CAACATCTGTAGGTCCCTGCATGTGCTGGGGT
>3DL3>105_rc,GCGACACTGAAGAGTCACATGTTGTCCTTCAG
>3DP1>089_rc,TAATCACGATGTCCAGAGGGTCACTGGGAGCT
>3DP1>122_rc,ATGAGGAACAGAACCGTAGCATCTGTAGGTCC
>3DP1>161_rc,TTGCTGGGTGCTGACCACCCAGTGAGGAAGTG
>3DP1>176_rc,CACCCAGTGAGGAAGTGTGGGTGTGAACCCCG
>3DS1>004_rc,TCGCTGTTCACTTCTGTTCCCTGCAGGCTCTT
>3DS1>006_rc,GCTGTTCACTTCTGTTCCCTGCAGGCTCTTGG
>3DS1>007_rc,CTGTTCACTTCTGTTCCCTGCAGGCTCTTGGT
>3DS1>011_rc,TCACTTCTGTTCCCTGCAGGCTCTTGGTCCAT
>3DS1>013_rc,ACTTCTGTTCCCTGCAGGCTCTTGGTCCATTA
>3DS1>014_rc,CTTCTGTTCCCTGCAGGCTCTTGGTCCATTAC
>3DS1>016_rc,GATTTTGACCACTGAGGTCCCAATCAGAATGT
>3DS1>017_rc,ATTTTGACCACTGAGGTCCCAATCAGAATGTG
>3DS1>024_rc,CCCAATCAGAATGTGCAGGTGTCTGAGGTTAC
*2DL1*028,CCAAGGCCAACTTCTCCGTCAGTCGCATGACG
*2DL1*028_rc,CGTCATGCGACTGACGGAGAAGTTGGCCTTGG
*2DL1*036,TGGAGGGACCTACAGATGCTGCGGCTCTTTCCG
*2DL1*036_rc,CGGAAAGAGCCGCAGCATCTGTAGGTCCCTCCA
*2DL1*T796,TTCTTTCTCCTTCATTGCTGGTGCTCCAACA
*2DL1*T796_rc,TGTTGGAGCACCAGCAATGAAGGAGAAAGAA
*2DL1*4and7,ACCCAGGTCAAGGACAGGTTAAGAAACAACA
*2DL1*4and7_rc,TGTTGTTTCTTAACCTGTCCTTGACCTGGGT
*2DL1*4710b,TGTCTTTCTTCAGACAAGTGTCCTGGAGCAT
*2DL1*4710b_rc,ATGCTCCAGGACACTTGTCTGAAGAAAGACA
*2DL1*7only,CCCAGTGACCCTCTGGACGTCGTGATCATAGG
*2DL1*7only_rc,CCTATGATCACGACGTCCAGAGGGTCACTGGG
*2DL13DL2*fu,CCAGGTGCATAACTGGAATCTAGGAGACCGTGGAAAAGGCAATTGCCGCCCCACTGGTGAAATGTGGTGCTGATTTAGACACTAAATGAATGAAGTAGATGGATATAAGATATGTTTGTGAGGTAGAATCATTGGCTGGAAAGGCTTG
*2DL13DL2*fu_rc,CAAGCCTTTCCAGCCAATGATTCTACCTCACAAACATATCTTATATCCATCTACTTCATTCATTTAGTGTCTAAATCAGCACCACATTTCACCAGTGGGGCGGCAATTGCCTTTTCCACGGTCTCCTAGATTCCAGTTATGCACCTGG
*2DL2*002syn,ACTCCCCCTATCAGTTATCAGCTCCCAGTGAC
*2DL2*002syn_rc,GTCACTGGGAGCTGATAACTGATAGGGGGAGT
*2DL2*short,ACAATGGGCGTCACATACAAAAATTATGGAAA
*2DL2*short_rc,TTTCCATAATTTTTGTATGTGACGCCCATTGT
*2DL3*029,TGTACCATCTATCCAGGGAGGGGGAGGCCCATGAAAGTAGGTTCTCTGCAGGGCCCAAGGTCAA
*2DL3*029_rc,TTGACCTTGGGCCCTGCAGAGAACCTACTTTCATGGGCCTCCCCCTCCCTGGATAGATGGTACA
*2DL3*008N,GTCTATATGAGAAACCTTCTCTCTCAGCCCAGCTGGGCCCCACGGTTCTGGCAGGAGAGAGCGT
*2DL3*008N_rc,ACGCTCTCTCCTGCCAGAACCGTGGGGCCCAGCTGGGCTGAGAGAGAAGGTTTCTCATATAGAC
*2DL3*2,TCCGGACATTCTCATTGTCATTGGGATGCAGAGTGAATGATC
*2DL3*2_rc,GATCATTCACTCTGCATCCCAATGACAATGAGAATGTCCGGA
*2DL4*10A64,TCTCCTTCATCGCTGGTGCTCCAAAAAAAAAAGTAAGCCTCACGAAGCAGAGGCCAGAGAACT
*2DL4*10A64_rc,AGTTCTCTGGCCTCTGCTTCGTGAGGCTTACTTTTTTTTTTGGAGCACCAGCGATGAAGGAGA
*2DL4*9A64,TCTCCTTCATCGCTGGTGCTCCAAAAAAAAAGTAAGCCTCACGAAGCAGAGGCCAGAGAACTC
*2DL4*9A64_rc,GAGTTCTCTGGCCTCTGCTTCGTGAGGCTTACTTTTTTTTTGGAGCACCAGCGATGAAGGAGA
*2DL4*001syn,CGGCACCCAGCAACCCCTTGGTGATCATGGTC
*2DL4*001syn_rc,GACCATGATCACCAAGGGGTTGCTGGGTGCCG
*2DL4*Edi,AGGGCCCCATGGTTCGCGCAGGAGAGAACGTGACCTTGTCCTGCAGCTCCCAGAGCTCCTTTG
*2DL4*Edi_rc,CAAAGGAGCTCTGGGAGCTGCAGGACAAGGTCACGTTCTCTCCTGCGCGAACCATGGGGCCCT
*2DS1*a001,GAGGCAAGACCTGGCAGGGACCTACAGATGCTACGGTTCTGTTACTCACTCCCCCTATCAGTTGT
*2DS1*a001_rc,ACAACTGATAGGGGGAGTGAGTAACAGAACCGTAGCATCTGTAGGTCCCTGCCAGGTCTTGCCTC
*2DS1*a002etc,GAAGCAAGACCTGGCAGGGACCTACAGATGCTACGGTTCTGTTACTCACTCCCCCTATCAGTTGT
*2DS1*a002etc_rc,ACAACTGATAGGGGGAGTGAGTAACAGAACCGTAGCATCTGTAGGTCCCTGCCAGGTCTTGCTTC
*2DS1*a0048,GAAGCAAGACCTGGCAGGGACCTACAGATGCTACGGTTCTGTTACTCACTCCCCCTATCAGGTGT
*2DS1*a0048_rc,ACACCTGATAGGGGGAGTGAGTAACAGAACCGTAGCATCTGTAGGTCCCTGCCAGGTCTTGCTTC
*2DS1*00301,CGACACTTTGCGCCTCATTGGAGAACACCACGATGGGGTCTCCAAGGCCAACTTCTCCATCAGTC
*2DS1*00301_rc,GACTGATGGAGAAGTTGGCCTTGGAGACCCCATCGTGGTGTTCTCCAATGAGGCGCAAAGTGTCG
*2DS1*006,GTAACCCCAGACACCTACATATTCTGATTGGGACCTCAGTGGTCAAAATCCCTTTCACCATCCTC
*2DS1*006_rc,GAGGATGGTGAAAGGGATTTTGACCACTGAGGTCCCAATCAGAATATGTAGGTGTCTGGGGTTAC
*2DS2*004e2,CCTGCAGATGGATGGTCGATCATGATCTTTCTTTCCAGGCTTCTTCTTGCTGCAGGGGG
*2DS2*004e2_rc,CCCCCTGCAGCAAGAAGAAGCCTGGAAAGAAAGATCATGATCGACCATCCATCTGCAGG
*2DS2*004e7,TAACCCCAGACACCTGCACGTTCTGATTGGGACCTCAGTGGTCAAAATCCCTTTCACCA
*2DS2*004e7_rc,TGGTGAAAGGGATTTTGACCACTGAGGTCCCAATCAGAACGTGCAGGTGTCTGGGGTTA
*2DS2*007,TCCACAGAAAACCTTCCTTCCTGGCCCACCCAGGTCCCCTGGTGAAATCA
*2DS2*007_rc,TGATTTCACCAGGGGACCTGGGTGGGCCAGGAAGGAAGGTTTTCTGTGGA
*2DS2*009,AAAACCTTCCCTCCTGGCCCACCCAGGTTCCCTGGTGAAATCAGAAGAGA
*2DS2*009_rc,TCTCTTCTGATTTCACCAGGGAACCTGGGTGGGCCAGGAGGGAAGGTTTT
*2DS3*002,CGTGGGGAGAATGACAAGACGACTGTGGAGAGACGGAGAGCACACTGGGTACACAGGAAACTAAGGAGCAACAAGGAGTGTGTGTTTGACACTCACAGCCATTGGATTCACCTCGGGGTAG
*2DS3*002_rc,CTACCCCGAGGTGAATCCAATGGCTGTGAGTGTCAAACACACACTCCTTGTTGCTCCTTAGTTTCCTGTGTACCCAGTGTGCTCTCCGTCTCTCCACAGTCGTCTTGTCATTCTCCCCACG
*2DS3*001,CGTGGGGAGAATGACAAGACGACTGTGGAGAGACGGAGAGCACACTGGGTACACAGGAAACTAAGGAGCAACAAGGAGTGTGTGTTTGACACTCACAGCCATTGGATTCACCTCGGGGTAA
*2DS3*001_rc,TTACCCCGAGGTGAATCCAATGGCTGTGAGTGTCAAACACACACTCCTTGTTGCTCCTTAGTTTCCTGTGTACCCAGTGTGCTCTCCGTCTCTCCACAGTCGTCTTGTCATTCTCCCCACG
*2DS4*00101,GTACCATCTATCCAGGGAAGGGGAGGCCCATGAACGTAGGCTCCCTGCAGTGCGCAGCA
*2DS4*00101_rc,TGCTGCGCACTGCAGGGAGCCTACGTTCATGGGCCTCCCCTTCCCTGGATAGATGGTAC
*2DS4*00102,GTACCATCTATCCAGGGAGGGGGAGGCCCATGAACGTAGGCTCCCTGCAGTGCGCAGCA
*2DS4*00102_rc,TGCTGCGCACTGCAGGGAGCCTACGTTCATGGGCCTCCCCCTCCCTGGATAGATGGTAC
*2DS4*00103,TGCGCAGCATCAACGGAACATTCCAGGCTGACTTTCCTCTGGGCCCTGCCACCCACGGA
*2DS4*00103_rc,TCCGTGGGTGGCAGGGCCCAGAGGAAAGTCAGCCTGGAATGTTCCGTTGATGCTGCGCA
*2DS4*del003,GCTCCATCTATCCAGGGAAGGGGAGGCCCATGAACGTAGGCTCCCTGCAGTGCGCAGCA
*2DS4*del003_rc,TGCTGCGCACTGCAGGGAGCCTACGTTCATGGGCCTCCCCTTCCCTGGATAGATGGAGC
*2DS4*del006,GCTCCATCTATCCAGGGAGGGGGAGGCCCATGAACGTAGGCTCCCTGCAGTGCGCAGCA
*2DS4*del006_rc,TGCTGCGCACTGCAGGGAGCCTACGTTCATGGGCCTCCCCCTCCCTGGATAGATGGAGC
*2DS4*009,AGAAACCTTCTCTCTCAGCACAGCCGGGCCCCACGGTTCAGGCAGGAGAGAATGTGACC
*2DS4*009_rc,GGTCACATTCTCTCCTGCCTGAACCGTGGGGCCCGGCTGTGCTGAGAGAGAAGGTTTCT
*2DS4*del,CCTTGTCCTGCAGCTCCATCTATCCAGGGA
*2DS4*del_rc,TCCCTGGATAGATGGAGCTGCAGGACAAGG
*2DS5*A535,CCAAGGTCAACAGAACATTCCAGGCCGACT
*2DS5*A535_rc,AGTCGGCCTGGAATGTTCTGTTGACCTTGG
*2DS5*g535,GGAACATTCCAGGCCGACTTTCCTCTGGAG
*2DS5*g535_rc,CTCCAGAGGAAAGTCGGCCTGGAATGTTCC
*2DS5*010,CGTGACCTTGTTCTGCAGCTCCCGGAGCTC
*2DS5*010_rc,GAGCTCCGGGAGCTGCAGAACAAGGTCACG
*3DL1*002,ACCTTGTCCTGCAGCTCCCGGAGCTCCTATGACATGTACCATCTATCCAGGGAGCGGGGAGCCCA
*3DL1*002_rc,TGGGCTCCCCGCTCCCTGGATAGATGGTACATGTCATAGGAGCTCCGGGAGCTGCAGGACAAGGT
*3DL1*004,GGGTTCACACCCACACTCCCCCACTGGGTGGTTGGCACCCAGCAACCCCGTGGTGATCATGGTCA
*3DL1*004_rc,TGACCATGATCACCACGGGGTTGCTGGGTGCCAACCACCCAGTGGGGGAGTGTGGGTGTGAACCC
*3DL1*086,GGGTCTCCAAGGCCAATTTCTCCATCGGTCCCATGATGTTTGCCCTTGCAGGGACCTACAGAT
*3DL1*086_rc,ATCTGTAGGTCCCTGCAAGGGCAAACATCATGGGACCGATGGAGAAATTGGCCTTGGAGACCC
*3DL12*v,ATGCTTTGGCTCTTTCCGTCACTCTCCCTACGAGTTGTCAGACCCAAGTGACCCACTGCTTGT
*3DL12*v_rc,ACAAGCAGTGGGTCACTTGGGTCTGACAACTCGTAGGGAGAGTGACGGAAAGAGCCAAAGCAT
*3DL2*1265c,GTCGCCCTTCTCAGAGGCCCAAGACACCCCCAACAGATACCAGCGTGTACACGGAACTTCCAA
*3DL2*1265c_rc,TTGGAAGTTCCGTGTACACGCTGGTATCTGTTGGGGGTGTCTTGGGCCTCTGAGAAGGGCGAC
*3DL3*438C,TCCTGCAATGTTGGTCCGATGTCAGGTTTGAG
*3DL3*438C_rc,CTCAAACCTGACATCGGACCAACATTGCAGGA
*3DL3*565T,TCCCATGACACCTGCCTTTGCAGGGACCTACA
*3DL3*565T_rc,TGTAGGTCCCTGCAAAGGCAGGTGTCATGGGA
*3DL3*6A,ATGTCACTCATGGTCGTCAGCATGGCGTGTGT
*3DL3*6A_rc,ACACACGCCATGCTGACGACCATGAGTGACAT
*3DL3*893A,ATGCTTCGGCTCTTTCCATGCCCTGCCCCACG
*3DL3*893A_rc,CGTGGGGCAGGGCATGGAAAGAGCCGAAGCAT
*3DS1*049,AGCACTTCTTTCTGCACAAAGAGTGGATCTCTAAAACCCCTCACGCCTCGTTGGACAGATCCATG
*3DS1*049_rc,CATGGATCTGTCCAACGAGGCGTGAGGGGTTTTAGAGATCCACTCTTTGTGCAGAAAGAAGTGCT
